Num	Codon	Coverage
0	ATG	0
1	CCT	0
2	GAA	0
3	CCA	0
4	GTC	400
5	AAA	55
6	TCT	77
7	GCT	218
8	CCA	86
9	GTC	229
10	CCT	76
11	AAA	16
12	AAA	104
13	GGC	15
14	TCC	5
15	AAG	80
16	AAG	54
17	GCC	7
18	ATT	31
19	AAC	24
20	AAG	45
21	GCT	27
22	CAG	347
23	AAG	146
24	AAG	143
25	GAT	432
26	GGA	81
27	AAG	44
28	AAG	49
29	CGC	37
30	AAA	24
31	CGC	47
32	AGC	52
33	CGC	12
34	AAG	64
35	GAG	228
36	AGC	35
37	TAC	17
38	TCT	20
39	GTG	181
40	TAT	26
41	GTG	186
42	TAC	345
43	AAG	93
44	GTG	144
45	CTG	0
46	AAG	0
47	CAG	0
48	GTC	0
49	CAC	0
50	CCC	0
51	GAC	1
52	ACC	5
53	GGC	75
54	ATC	12
55	TCT	25
56	TCC	59
57	AAG	30
58	GCT	139
59	ATG	31
60	GGA	58
61	ATC	6
62	ATG	15
63	AAC	0
64	TCC	0
65	TTC	0
66	GTC	31
67	AAC	48
68	GAC	31
69	ATC	23
70	TTT	11
71	GAG	52
72	CGT	86
73	ATC	35
74	GCC	22
75	GGA	2
76	GAA	2
77	GCG	6
78	TCA	0
79	CGC	1
80	CTG	0
81	GCG	0
82	CAT	24
83	TAC	0
84	AAC	0
85	AAG	7
86	CGC	4
87	TCG	26
88	ACC	22
89	ATC	7
90	ACT	4
91	TCG	107
92	AGG	143
93	GAG	88
94	ATC	19
95	CAG	116
96	ACG	192
97	GCC	0
98	GTG	68
99	CGC	2
100	CTA	10
101	CTG	2
102	CTA	1
103	CCC	5
104	GGG	35
105	GAA	27
106	TTG	1
107	GCC	5
108	AAG	0
109	CAC	15
110	GCC	0
111	GTG	0
112	TCC	0
113	GAG	0
114	GGC	0
115	ACC	0
116	AAG	0
117	GCC	5
118	GTC	25
119	ACC	4
120	AAG	5
121	TAT	4
122	ACC	3
123	AGC	6
124	TCC	9
125	AAG	12
126	TGA	20
