Num	Codon	Coverage
0	ATG	0
1	CCT	0
2	GAA	0
3	CCA	0
4	GTC	837
5	AAA	157
6	TCT	120
7	GCT	375
8	CCA	265
9	GTC	429
10	CCT	140
11	AAA	50
12	AAA	259
13	GGC	65
14	TCC	19
15	AAG	351
16	AAG	107
17	GCC	22
18	ATT	58
19	AAC	90
20	AAG	135
21	GCT	85
22	CAG	652
23	AAG	466
24	AAG	375
25	GAT	343
26	GGA	131
27	AAG	77
28	AAG	133
29	CGC	77
30	AAA	76
31	CGC	100
32	AGC	118
33	CGC	47
34	AAG	103
35	GAG	371
36	AGC	60
37	TAC	17
38	TCT	32
39	GTG	274
40	TAT	54
41	GTG	415
42	TAC	330
43	AAG	109
44	GTG	175
45	CTG	0
46	AAG	0
47	CAG	0
48	GTC	0
49	CAC	0
50	CCC	0
51	GAC	0
52	ACC	3
53	GGC	81
54	ATC	21
55	TCT	24
56	TCC	65
57	AAG	39
58	GCT	225
59	ATG	55
60	GGA	69
61	ATC	15
62	ATG	10
63	AAC	0
64	TCC	0
65	TTC	0
66	GTC	38
67	AAC	83
68	GAC	67
69	ATC	18
70	TTT	19
71	GAG	85
72	CGT	99
73	ATC	47
74	GCC	10
75	GGA	1
76	GAA	5
77	GCG	1
78	TCA	0
79	CGC	3
80	CTG	0
81	GCG	0
82	CAT	20
83	TAC	0
84	AAC	0
85	AAG	36
86	CGC	13
87	TCG	35
88	ACC	71
89	ATC	36
90	ACT	6
91	TCG	79
92	AGG	181
93	GAG	130
94	ATC	17
95	CAG	132
96	ACG	289
97	GCC	3
98	GTG	73
99	CGC	3
100	CTA	1
101	CTG	0
102	CTA	4
103	CCC	9
104	GGG	54
105	GAA	19
106	TTG	9
107	GCC	12
108	AAG	4
109	CAC	12
110	GCC	0
111	GTG	0
112	TCC	0
113	GAG	0
114	GGC	0
115	ACC	0
116	AAG	3
117	GCC	5
118	GTC	17
119	ACC	9
120	AAG	4
121	TAT	4
122	ACC	2
123	AGC	4
124	TCC	17
125	AAG	31
126	TGA	14
